﻿<parameters>
  <parameter name="IIS Web Application Name" defaultValue="Default Web Site/MvcMusicStore_deploy" tags="IisApp">
    <parameterEntry kind="ProviderPath" scope="IisApp" match="^C:\\Users\\Admin\\Source\\Repos\\MyFirstProject\\MvcMusicStore\\obj\\Release\\Package\\PackageTmp$" />
    <parameterEntry kind="ProviderPath" scope="setAcl" match="^C:\\Users\\Admin\\Source\\Repos\\MyFirstProject\\MvcMusicStore\\obj\\Release\\Package\\PackageTmp$" />
  </parameter>
  <parameter name="MusicStoreEntities-Web.config Connection String" defaultValue="Server=tcp:testhackthonchennai.database.windows.net,1433;Initial Catalog=MusicStore;Integrated Security=False;User ID=testhackthonchennai;Password=network1234!;Connect Timeout=60;Encrypt=False;TrustServerCertificate=True;ApplicationIntent=ReadWrite;MultiSubnetFailover=False">
    <parameterEntry kind="XmlFile" scope="C:\\Users\\Admin\\Source\\Repos\\MyFirstProject\\MvcMusicStore\\obj\\Release\\Package\\PackageTmp\\Web\.config$" match="/configuration/connectionStrings/add[@name='MusicStoreEntities']/@connectionString" />
  </parameter>
  <parameter name="LocalSqlServer-Web.config Connection String" description="LocalSqlServer Connection String used in web.config by the application to access the database." defaultValue="Data Source=(LocalDB)\v11.0;AttachDbFilename=|DataDirectory|ASPNETDB.MDF;Integrated Security=True;Connect Timeout=30" tags="SqlConnectionString">
    <parameterEntry kind="XmlFile" scope="C:\\Users\\Admin\\Source\\Repos\\MyFirstProject\\MvcMusicStore\\obj\\Release\\Package\\PackageTmp\\Web\.config$" match="/configuration/connectionStrings/add[@name='LocalSqlServer']/@connectionString" />
  </parameter>
</parameters>